{"cameraMode":{"drawMode":0,"name":"Shaded","section":"Shading Mode"},"sceneLighting":false,"audioPlay":false,"sceneViewState":{"showFog":true,"showMaterialUpdate":false,"showSkybox":false,"showFlares":true,"showImageEffects":true,"showParticleSystems":true},"in2DMode":false,"pivot":{"x":0.375,"y":-0.3499999940395355,"z":-0.7099999785423279},"rotation":{"x":0.11552564799785614,"y":-0.14252325892448426,"z":0.016752934083342553,"w":0.9828901290893555},"size":0.2789933979511261,"orthographic":false}