{"cameraMode":{"drawMode":0,"name":"Shaded","section":"Shading Mode"},"sceneLighting":true,"audioPlay":false,"sceneViewState":{"showFog":true,"showMaterialUpdate":false,"showSkybox":true,"showFlares":true,"showImageEffects":true,"showParticleSystems":true},"in2DMode":false,"pivot":{"x":1.7344197034835816,"y":-0.188157320022583,"z":11.438618659973145},"rotation":{"x":0.18050625920295716,"y":0.001475064898841083,"z":-0.0002693482965696603,"w":0.9835793375968933},"size":3.811720132827759,"orthographic":false}